date,symbol,supply_apy,borrow_apy,utilization
2024-05-24,USDC,7.137890076998739,8.8082780216401,90.075225
2024-05-31,USDC,7.077678865393665,8.771048512871682,89.66063600000001
2024-06-07,USDC,11.602550966927836,13.913660109821196,92.735698
2024-06-14,USDC,7.36943926286358,8.950005624763584,91.53294600000001
2024-06-21,USDC,7.145126382473496,8.8127417527577,90.055922
2024-06-28,USDC,6.603648424912194,8.472236258940521,86.406944
2024-07-05,USDC,5.4702530509765115,7.710983873230637,78.274647
2024-07-12,USDC,5.24550945014336,7.550920941631932,76.546116
2024-07-19,USDC,5.943791208608918,8.037812275770797,81.719145
2024-07-26,USDC,4.896363741354725,6.199809518540911,87.549023
2024-08-02,USDC,4.927933909323339,6.219764586412296,87.833819
2024-08-09,USDC,4.088792798207027,5.6655106651594815,79.562097
2024-08-16,USDC,3.842350135437177,5.492119505899275,76.959699
2024-08-23,USDC,4.3924990448025785,5.872152798744911,82.60731700000001
2024-08-30,USDC,4.190572825953345,5.7355914167060575,80.554576
2024-09-06,USDC,3.6258941349918876,5.335179920070708,74.600752
2024-09-13,USDC,3.7331228744596108,4.979690128875793,82.762241
2024-09-20,USDC,4.157344222086082,5.255017526581438,87.612359
2024-09-27,USDC,4.438035457110177,5.429521537236628,90.684024
2024-10-04,USDC,4.394754811847764,5.402981761439484,90.20186
2024-10-11,USDC,23.71598129270029,27.747811133953746,95.24787
2024-10-18,USDC,13.09630257591853,15.588857560120362,93.51483900000001
2024-10-25,USDC,24.327391596956755,28.435700871772628,95.322014
2024-11-01,USDC,39.70786816626747,45.338638428110045,97.70279
2024-11-08,USDC,34.13880434019589,39.3048009353701,96.824723
2024-11-15,USDC,32.11133789861512,37.08429946268494,96.478823
2024-11-22,USDC,47.62929997201401,53.76281015897917,98.82257800000001
2024-11-29,USDC,45.80660791449348,51.84039034475061,98.523826
2024-12-06,USDC,44.58577350408799,50.54749713230946,98.31872299999999
2024-12-13,USDC,10.775035736518543,12.875694574609437,92.998374
2024-12-20,USDC,16.160249986029186,19.197752267716304,93.496437
2024-12-27,USDC,10.154544695334124,12.381408880233005,91.00026799999999
2025-01-03,USDC,9.13159120898714,11.741215758117667,86.00686400000001
2025-01-10,USDC,8.290454122027777,11.187395670598049,81.70663
2025-01-17,USDC,8.366782606593615,11.01170826602936,83.902194
2025-01-24,USDC,7.116639607779655,10.155771977578794,76.972381
2025-01-31,USDC,6.051607116964712,9.167884098674682,72.24091700000001
2025-02-07,USDC,4.869505188166453,8.22386870653416,64.18501599999999
2025-02-14,USDC,4.132298225079821,6.8856106646360455,65.11329599999999
2025-02-21,USDC,4.159341799054185,6.908105150950431,65.29238699999999
2025-02-28,USDC,3.4620236133240128,6.302482484420303,59.162813
2025-03-07,USDC,3.281264154710621,5.972094697858879,59.049874
2025-03-14,USDC,2.8531979033257167,5.4120306209025415,56.387361999999996
2025-03-21,USDC,3.0356016217742168,4.881619227576159,67.484317
2025-03-28,USDC,3.3565824899973054,5.133223636031981,71.20253100000001
2025-04-04,USDC,2.73321912443512,4.4503861491248395,66.500532
2025-04-11,USDC,3.195528446860437,4.812068649157976,72.33384600000001
2025-04-18,USDC,2.5871148642410895,4.329804885008563,64.461094
2025-04-25,USDC,2.29119353056497,4.074659826784237,60.209526999999994
2025-05-02,USDC,2.9260443356064663,4.604695567340638,68.980278
2025-05-09,USDC,3.2536590542096464,4.648921492464399,76.682003
2025-05-16,USDC,3.8124818712525057,5.0323412630467566,83.60697
2025-05-23,USDC,3.9212802027880738,5.103641136316036,84.837688
2025-05-30,USDC,3.753742889263626,4.993424091892617,82.876159
2025-06-06,USDC,4.431945409657594,5.425794956461339,90.69252399999999
2025-06-13,USDC,4.303164171479607,5.346383822700637,89.24291
2025-06-20,USDC,3.4445769192498523,4.783371592014117,79.187756
2025-06-27,USDC,3.8948025051475605,5.086381098494319,84.585047
2025-07-04,USDC,3.981611634184163,5.142752508838563,85.586102
2025-07-11,USDC,3.547430313599208,4.854260881065624,80.48591499999999
2025-07-18,USDC,3.927844321363707,5.1079108588924855,85.05521900000001
2025-07-25,USDC,3.7955323137690047,5.021142224033577,83.544592
2025-08-01,USDC,4.251122097777611,5.313956143883073,88.687808
2025-08-08,USDC,3.8292251788742093,5.043379275448931,83.921755
2025-08-15,USDC,4.341830217337689,5.838186017705517,82.202855
2025-08-22,USDC,4.734368105408872,6.096386898327073,86.03517000000001
2025-08-29,USDC,4.001420511195746,5.604651421381961,78.80265899999999
2025-09-05,USDC,4.310414768172644,5.817026483550925,81.900319
2025-09-12,USDC,4.775264129540758,6.122660931482008,86.38299
2025-09-19,USDC,5.328981379833603,6.467904687522856,91.466345
2025-09-26,USDC,3.873943643110106,5.514652604625405,77.346538
2025-10-03,USDC,3.6408989816421893,5.346207671307466,74.858777
2025-10-10,USDC,4.157531885542376,5.7129465231711425,80.24309
2025-10-17,USDC,3.56445775201101,5.289798117714795,73.944917
2025-10-24,USDC,3.5936511984545874,5.103044418047344,77.392731
2025-10-31,USDC,3.596513172470992,5.105075851525987,77.424458
2025-11-07,USDC,5.799950179508448,6.947560727398075,92.676124
2025-11-14,USDC,4.135161475522212,5.47403649836702,83.301695
2025-11-21,USDC,3.6045477238335337,5.11077556345091,77.40622900000001
2025-11-28,USDC,3.220817122768116,4.625409787696436,76.283224
2025-12-05,USDC,3.3282800658536913,4.701941061704903,77.556629
2025-12-12,USDC,3.53288939727998,4.8443140219708,80.072504
2025-12-19,USDC,3.29899737695553,4.681210751248777,77.196545
2025-12-26,USDC,3.1273375126804317,4.557792923630003,74.967473
2026-01-02,USDC,3.6981398698913,4.95631506498566,82.06500199999999
2026-01-09,USDC,3.464403157244858,4.573883881051171,83.377881
2026-01-16,USDC,3.373741229746055,4.513638846163516,82.178794
2026-01-23,USDC,3.9008120630221472,4.8534266924404434,88.882689
2026-01-30,USDC,4.239071499981286,5.114932689817879,91.871878
2026-02-06,USDC,2.90484213835624,4.188263037829365,75.446268
2026-02-13,USDC,2.4854147718561634,3.874112405377466,69.035565
2026-02-20,USDC,2.3744826296744708,3.7866683648173387,67.25999900000001
2026-02-27,USDC,2.08421004699344,3.547672771766764,62.378791
2026-03-06,USDC,2.0649452806149937,3.5312394790627875,61.936139999999995
2026-03-13,USDC,1.9420297121570076,3.062992308051908,67.884663
2026-03-20,USDC,2.199092224406546,3.2594163922252775,72.752446
2026-03-27,USDC,2.275270029834254,3.315389990725743,74.152509
2026-04-03,USDC,2.6861116164971506,3.6023024404521347,81.489397
2026-04-10,USDC,2.546429200403185,3.507362305224826,79.00932499999999
2026-04-17,USDC,2.4769427313595087,3.45917720199459,77.867419
2026-04-24,USDC,7.0301164666026885,8.191875975203446,95.76722600000001
2026-05-01,USDC,3.3938821394334955,4.095490765880781,91.720888
2026-05-08,USDC,12.145230838343439,13.544099077481198,101.001803
2026-05-15,USDC,11.01435060725644,12.397134833183285,99.858716
2024-05-24,USDT,6.681096797787085,8.52177313516682,86.899571
2024-05-31,USDT,6.635508289111796,8.492649180264145,86.587814
2024-06-07,USDT,6.539431385096807,8.430941579975828,85.936436
2024-06-14,USDT,6.943725975356228,8.687651140603457,88.61469
2024-06-21,USDT,4.829774096418241,7.24551892732917,73.48824900000001
2024-06-28,USDT,4.793194539656087,7.218028861707033,73.191005
2024-07-05,USDT,5.147006894515025,7.479687634807602,75.892732
2024-07-12,USDT,5.475499620124881,7.714680824165618,78.312432
2024-07-19,USDT,5.82987839389694,7.960417288806111,80.89167499999999
2024-07-26,USDT,4.21195715259481,5.750207042257173,80.891213
2024-08-02,USDT,4.220084652653246,5.75575224166633,80.96894999999999
2024-08-09,USDT,4.140851005808803,5.701463022870187,80.06844
2024-08-16,USDT,3.8008848223355463,5.462404593533455,76.527722
2024-08-23,USDT,3.820495998862325,5.476478468522428,76.700574
2024-08-30,USDT,3.724699651064662,5.407383095986786,75.700325
2024-09-06,USDT,3.58107539510213,5.302104001772174,74.122231
2024-09-13,USDT,2.6186834188150847,4.170687741379176,68.66166700000001
2024-09-20,USDT,3.034666229521793,4.489744656453955,74.224567
2024-09-27,USDT,3.616797513487363,4.901491728491358,81.38508300000001
2024-10-04,USDT,3.931889614278389,5.110540504627053,85.017197
2024-10-11,USDT,3.598375425037427,4.888992965780531,81.183279
2024-10-18,USDT,4.096104281622666,5.216169299451182,87.011598
2024-10-25,USDT,3.7881060721996427,5.0162276996423785,83.509064
2024-11-01,USDT,4.306012541842036,5.348152981559905,89.300894
2024-11-08,USDT,4.7401376156775274,5.723321978062448,91.968389
2024-11-15,USDT,4.1776942114216675,5.267863348133902,87.897165
2024-11-22,USDT,5.296911376670072,6.390636847201687,92.034798
2024-11-29,USDT,4.525281477522412,5.482630469728974,91.623284
2024-12-06,USDT,15.860019845858918,18.862385551247527,93.38849
2024-12-13,USDT,8.13489205006896,9.77627803189223,92.369292
2024-12-20,USDT,9.353325304474886,11.882911364438089,87.175747
2024-12-27,USDT,8.223398772711546,11.1420605308471,81.509491
2025-01-03,USDT,7.805994216023129,10.855602957922665,79.301871
2025-01-10,USDT,7.327817621418621,10.517854630286152,76.693536
2025-01-17,USDT,7.15142749525395,10.180563675102222,77.308965
2025-01-24,USDT,6.8793855166598945,9.985050794657106,75.749543
2025-01-31,USDT,5.558922598649609,8.786766089670186,69.24490800000001
2025-02-07,USDT,6.084069523263217,9.192440677038825,72.555921
2025-02-14,USDT,3.6314135467032607,6.45482524579256,61.10780999999999
2025-02-21,USDT,4.4518468885211275,7.146884176415615,67.987302
2025-02-28,USDT,3.3561742822986282,6.205387218668915,58.434565000000006
2025-03-07,USDT,3.3528056276683316,6.036848468462457,60.06112099999999
2025-03-14,USDT,2.7126530550089227,5.2770525815968385,55.207894
2025-03-21,USDT,2.8942464591654757,4.766606129682537,65.847917
2025-03-28,USDT,2.3745252865426987,4.317475895448145,59.410814
2025-04-04,USDT,2.6635931940279063,4.39333599924045,65.763484
2025-04-11,USDT,1.753148485112006,3.564263635791721,52.539311
2025-04-18,USDT,2.0766593691230812,3.8792083166302533,57.622834
2025-04-25,USDT,2.5516332280863425,4.300011266411284,64.424477
2025-05-02,USDT,2.4966604272131465,4.253438979347625,63.953736000000006
2025-05-09,USDT,2.8256481529157984,4.332366900642616,71.375279
2025-05-16,USDT,4.394577166164551,5.402872713979794,90.306321
2025-05-23,USDT,3.683663979637545,4.946593134254281,82.322345
2025-05-30,USDT,3.79058141967959,5.017866490416542,83.53769199999999
2025-06-06,USDT,3.754401846949771,4.993862193871726,83.113258
2025-06-13,USDT,3.7126510021030152,4.886977624864454,84.0372
2025-06-20,USDT,3.2069501018177933,4.615431158906621,76.547841
2025-06-27,USDT,2.70120738979618,4.235894558413698,69.974044
2025-07-04,USDT,3.2851956119065857,4.671397170907757,77.540096
2025-07-11,USDT,4.2412238721391455,5.307766083127138,88.62383200000001
2025-07-18,USDT,3.587036850205499,4.881284216186465,81.189638
2025-07-25,USDT,2.9655391550672756,4.438313829961178,73.61592399999999
2025-08-01,USDT,3.503343874961378,4.824002902191014,80.29995100000001
2025-08-08,USDT,3.7801519702985518,5.010958502793396,83.548725
2025-08-15,USDT,5.851274990710011,6.903694099870567,94.25913299999999
2025-08-22,USDT,4.9998990468086975,6.198007744834736,89.455295
2025-08-29,USDT,3.6787540810624706,5.37392855593398,75.449065
2025-09-05,USDT,4.606988891553249,6.013815394401641,84.771735
2025-09-12,USDT,4.637418088571874,6.033643355766562,85.076684
2025-09-19,USDT,5.066172002862752,6.306399443067079,89.067938
2025-09-26,USDT,5.099857389226631,6.327330586830435,89.328307
2025-10-03,USDT,4.690241166430121,6.067909530058169,85.46186300000001
2025-10-10,USDT,4.677536157979262,6.059688295284796,85.299912
2025-10-17,USDT,3.786161183112366,5.45181885945388,76.250116
2025-10-24,USDT,3.7825773583917623,5.235458533987275,79.507428
2025-10-31,USDT,3.4594883124938547,5.00687482769569,75.838588
2025-11-07,USDT,4.874330651649602,5.943173243511624,90.862934
2025-11-14,USDT,3.143371104093024,4.772639416040381,72.034033
2025-11-21,USDT,3.1063751616692645,4.7444706544658946,71.49514
2025-11-28,USDT,3.0747570412075187,4.519308005014894,74.461612
2025-12-05,USDT,3.0168921746087185,4.47658065478217,73.75195599999999
2025-12-12,USDT,3.9045693179672853,5.092759150594369,84.529884
2025-12-19,USDT,2.487490628783432,4.064875433036956,66.460129
2025-12-26,USDT,2.3909232167259495,3.9851926837211273,65.058135
2026-01-02,USDT,2.7924085042004223,4.306812906956294,70.638528
2026-01-09,USDT,2.533094939486472,3.9110729530650277,70.55573000000001
2026-01-16,USDT,2.8355409651534833,4.137977755725033,74.94804
2026-01-23,USDT,3.3865122144269897,4.522166312159693,82.396747
2026-01-30,USDT,2.7140917636706834,4.048390815796639,73.24868599999999
2026-02-06,USDT,2.0965966794246307,3.5581780190839636,63.340231
2026-02-13,USDT,1.881907197817943,3.3710819437959194,59.756891
2026-02-20,USDT,2.2956983266387385,3.723296995951612,66.324532
2026-02-27,USDT,1.9305883530229342,3.4144052454193425,60.471757000000004
2026-03-06,USDT,2.2060735700222387,3.6498940258592865,64.90038299999999
2026-03-13,USDT,1.7345299732672281,2.8947171924841437,64.358844
2026-03-20,USDT,2.0144128327010566,3.1195325681419566,69.675829
2026-03-27,USDT,1.9147057932163425,3.041349229127638,67.809316
2026-04-03,USDT,2.001973692178458,3.1098859747305605,69.415281
2026-04-10,USDT,2.2269806667573078,3.279994010508632,73.61839
2026-04-17,USDT,2.4202116870325288,3.41933383844103,77.010571
2026-04-24,USDT,7.9777878403454165,9.216891837940198,96.40648
2026-05-01,USDT,3.2805434305795247,3.980959168312983,90.594365
2026-05-08,USDT,5.0148474593633,5.955321915365629,93.108945
2026-05-15,USDT,2.7653114346514553,3.6549955459381436,81.521034
2026-05-18,USDC,3.7721976414938005,4.534709455284804,92.155236
2026-05-18,USDT,2.7187616148360476,3.6241018313608735,80.77096
