date,symbol,borrow_apy,utilization
2022-08-13,USDC,1.4999999976144,0.0
2022-08-26,USDC,1.4999999976144,0.0
2022-09-01,USDC,4.0083379249248,71.66679795244717
2022-09-08,USDC,4.283128396727999,79.51795431287624
2022-09-15,USDC,3.9393554068079997,69.69586890287945
2022-09-22,USDC,4.118362172380801,74.8103479265859
2022-09-29,USDC,3.6124494433344,60.35569854338577
2022-10-06,USDC,3.6738404042400004,62.10972598114806
2022-10-13,USDC,3.6349580961936003,60.998802886636824
2022-10-20,USDC,3.3905673760032,54.01621085033968
2022-10-27,USDC,3.2925886979472,51.216820114239866
2022-11-03,USDC,3.4043074819056005,54.4087853234147
2022-11-10,USDC,2.8855964632896,39.588470536894775
2022-11-17,USDC,3.2982980605344,51.379944747024496
2022-11-24,USDC,3.4043318371584004,54.409481215774036
2022-12-01,USDC,3.5109017825472004,57.4543368062908
2022-12-08,USDC,3.193810717896,48.394592115084876
2022-12-15,USDC,3.102931282248,45.7980367430343
2022-12-22,USDC,3.1643211488544,47.552032916809175
2022-12-29,USDC,3.1776221538,47.93206170722083
2023-01-05,USDC,3.234591732816,49.55976392641989
2023-01-12,USDC,3.459652433424,55.99006962734544
2023-01-19,USDC,3.5348063985216,58.137325764081105
2023-01-26,USDC,4.00936712436,71.69620369594121
2023-02-02,USDC,4.0989009914208,74.25431416321926
2023-02-09,USDC,4.0226604471359995,72.07601295224934
2023-02-16,USDC,3.8996581549104,68.56166168709174
2023-02-23,USDC,3.4932036942,56.94867707828736
2023-03-02,USDC,3.4902732681648,56.864950631580726
2023-03-09,USDC,3.6641257835904004,61.832165378073014
2023-03-16,USDC,3.6499197395952,61.4262784312927
2023-03-23,USDC,3.7736178894288,64.9605112452419
2023-03-30,USDC,3.8492071963920003,67.12020577694814
2023-04-06,USDC,3.7856885488704,65.30538723938298
2023-04-13,USDC,3.7982845633824,65.66527339647078
2023-04-20,USDC,4.246961887008,78.48462544941366
2023-04-27,USDC,5.1704190391392,83.48167618586187
2023-05-04,USDC,4.4034045026688,80.41361802869737
2023-05-11,USDC,4.953841721208,82.61536691240633
2023-05-18,USDC,4.0193232256224,71.98066375909015
2023-05-25,USDC,4.2862140398016,79.60611554566295
2023-06-01,USDC,3.651949579464,79.63812559800081
2023-06-08,USDC,3.9969999949824,95.5913345270528
2023-06-15,USDC,3.8292885542160002,84.96362038841008
2023-06-22,USDC,3.9969999949824,99.06013979290553
2023-06-29,USDC,3.9806171817408,89.50802360399003
2023-07-06,USDC,3.9969999949824,99.20967756818202
2023-07-13,USDC,3.9969999949824,95.95620877124979
2023-07-20,USDC,4.2522712753536,95.15656310808764
2023-07-27,USDC,4.5335839911408,95.65270546172282
2023-08-03,USDC,6.6878594160624,99.45213301674669
2023-08-10,USDC,5.5808407917216005,97.49971921827894
2023-08-17,USDC,4.7398092922512,96.01641851388504
2023-08-24,USDC,3.9040482278592,87.20865562616011
2023-08-31,USDC,3.9210323569344,87.71868955509582
2023-09-07,USDC,4.0095542022192,90.37700321219685
2023-09-14,USDC,4.0902287617152,92.79966261062759
2023-09-21,USDC,4.0669812172224,92.10153818392824
2023-09-28,USDC,3.930762036024,88.0108720818356
2023-10-05,USDC,3.9912974946288005,89.82875373087914
2023-10-12,USDC,4.0516370452944,91.64075225125639
2023-10-19,USDC,4.0824779981616,92.56690695884276
2023-10-26,USDC,6.7250013721056,94.75206758549959
2023-11-02,USDC,5.2835252967216,93.79108353678002
2023-11-09,USDC,5.864986345392,94.17872423410584
2023-11-16,USDC,6.0578353178208,94.30729021631369
2023-11-23,USDC,5.0091723364608,93.6081815626244
2023-11-30,USDC,5.2878250284912,93.79395002354826
2023-12-07,USDC,5.67494940024,94.05203293830981
2023-12-14,USDC,9.3810699531648,96.52277997349734
2023-12-21,USDC,7.4027926017359995,95.20392840577965
2023-12-28,USDC,7.3540911280464,95.1714607574097
2024-01-04,USDC,11.1215902734576,97.68312685394108
2024-01-11,USDC,15.374527097169599,95.4034172064333
2024-01-18,USDC,10.451762829907201,94.14116995769314
2024-01-25,USDC,6.376515166152,93.0962346597742
2024-02-01,USDC,10.3080306224448,94.10431554581787
2024-02-08,USDC,11.331463375224,94.36673420063701
2024-02-15,USDC,8.3377546196256,93.59911657092982
2024-02-22,USDC,13.3877484474624,94.8939867833642
2024-02-29,USDC,17.3026864818576,95.89781704834871
2024-03-07,USDC,12.874358851329601,94.76234842488303
2024-03-14,USDC,23.714723609193598,97.5419291326054
2024-03-21,USDC,18.2501974625472,92.15190638799406
2024-03-28,USDC,13.4691980924592,91.04004606989989
2024-04-04,USDC,8.9084463671232,88.9369312446912
2024-04-11,USDC,11.063957741496,90.480687848768
2024-04-18,USDC,8.375906475072,82.54389529972073
2024-04-25,USDC,8.259058467935999,81.14115813338958
2024-05-02,USDC,8.660428227993599,85.95952260598139
2024-05-09,USDC,8.404522093252801,82.88742013362479
2024-05-16,USDC,8.431742183515201,83.21419194771042
2024-05-23,USDC,8.4828589458336,83.82783855194474
2024-05-30,USDC,8.986299678216,89.87154480128086
2024-06-06,USDC,12.38022730332,90.78679704859286
2024-06-13,USDC,8.9824540490784,89.82537880522287
2024-06-20,USDC,8.975542531017599,89.74240740844697
2024-06-27,USDC,8.8061713789536,87.70914024501236
2024-07-04,USDC,8.9075111575824,88.92570421853817
2024-07-11,USDC,7.6781774009951995,74.16779597827217
2024-07-18,USDC,7.610839945704,73.3594231665491
2024-07-25,USDC,7.5756857636592,72.93740416953834
2024-08-01,USDC,5.0387348514240005,70.77469710138253
2024-08-08,USDC,5.0041512628416,70.08302533334839
2024-08-15,USDC,5.0141433277584,70.282866624305
2024-08-22,USDC,5.1903513553248,73.8070271869704
2024-08-29,USDC,5.2171401970944,74.34280400058675
2024-09-05,USDC,4.0035310753536,75.86457819429039
2024-09-12,USDC,4.1257155476448,79.56713793370194
2024-09-19,USDC,4.2743807423712,84.07214390149852
2024-09-26,USDC,4.4659381547664,89.87691393215997
2024-10-03,USDC,4.43620861884,88.97601891815987
2024-10-10,USDC,10.4838606122112,91.5034651547771
2024-10-17,USDC,4.4675849173824,89.92681581108488
2024-10-24,USDC,4.451484266193599,89.43891729485858
2024-10-31,USDC,9.1446740473248,91.1686685134529
2024-11-07,USDC,10.057938275448,91.39698457040983
2024-11-14,USDC,14.783363912952,92.57834097957763
2024-11-21,USDC,4.4609926098672,89.7270489426767
2024-11-28,USDC,12.8803622366592,92.10259056081863
2024-12-05,USDC,13.0932722773008,92.15581807081526
2024-12-12,USDC,17.5162464384624,93.26156161104345
2024-12-19,USDC,11.975450507352,91.75748544457988
2024-12-26,USDC,11.3318174645856,91.56818160844183
2025-01-02,USDC,9.5086266808176,91.03194902511642
2025-01-09,USDC,6.6792381453792,90.19977592670418
2025-01-16,USDC,9.6551210729088,91.07503561088434
2025-01-23,USDC,10.1753768162592,91.22805200636886
2025-01-30,USDC,10.908428260175999,91.4436553717747
2025-02-06,USDC,5.8846371239376,87.69274257994097
2025-02-13,USDC,5.9748417081072,89.49683427261313
2025-02-20,USDC,5.9397778861632,88.79555781268544
2025-02-27,USDC,5.5513620647568,81.0272414046754
2025-03-06,USDC,5.133696858792,72.67393728206345
2025-03-13,USDC,5.1947656826112,73.89531373882787
2025-03-20,USDC,5.2110117084528,74.22023426383176
2025-03-27,USDC,5.4999308506752,79.99861709253739
2025-04-03,USDC,4.6391382092736,75.3513733196554
2025-04-10,USDC,4.614424767432,74.7581558412911
2025-04-17,USDC,4.5407206951632,72.9889749925226
2025-04-24,USDC,4.7598234695856,78.24828305527502
2025-05-01,USDC,4.7681922914351995,78.44916696773468
2025-05-08,USDC,4.8737215046735995,80.9822733793054
2025-05-15,USDC,3.9547991599632,88.37206304142235
2025-05-22,USDC,5.6798094794256,90.46660819076088
2025-05-29,USDC,3.9474075599136,88.10596750486303
2025-06-05,USDC,3.9518342745407997,88.2653279974802
2025-06-12,USDC,3.9976697502431997,89.9153918737033
2025-06-19,USDC,3.916274082264,86.9851713375783
2025-06-26,USDC,3.9691046464272004,88.8870563564954
2025-07-03,USDC,5.3284740053328,90.36901500380226
2025-07-10,USDC,6.1078801714991995,90.58551671716886
2025-07-17,USDC,9.228248310484801,91.45228564437242
2025-07-24,USDC,8.595770705136,91.27659742096277
2025-07-31,USDC,10.7404679152224,91.87234664573435
2025-08-07,USDC,3.9992283382032,89.97150057906924
2025-08-14,USDC,4.0533623262431995,90.01481731498266
2025-08-21,USDC,7.377631392844799,90.93822538972442
2025-08-28,USDC,6.8923675125936,90.80342986737529
2025-09-04,USDC,8.7935959038384,91.33154886475096
2025-09-11,USDC,4.0193390409264,90.00536640313727
2025-09-18,USDC,5.3767085380848,90.38241348491411
2025-09-25,USDC,3.9685316246927997,88.86642780725903
2025-10-02,USDC,5.930838038808,90.53633834676641
2025-10-09,USDC,3.9962966475744004,89.8659606235131
2025-10-16,USDC,3.9401754563376,87.84561385895938
2025-10-23,USDC,6.9044052011472,90.80677366922977
2025-10-30,USDC,3.9947509326096005,89.81031530676242
2025-11-06,USDC,3.8688750359136,85.27881922628806
2025-11-13,USDC,6.916776982084801,90.81021027484798
2025-11-20,USDC,3.9984656747328,89.9440449033708
2025-11-27,USDC,3.9230438144688,87.22887975990194
2025-12-04,USDC,3.926962200312,87.36994051947737
2025-12-11,USDC,3.9177646754544,87.03883217972518
2025-12-18,USDC,3.9930924449088003,89.75061027438139
2025-12-25,USDC,4.7443690414944,90.20676362532872
2026-01-01,USDC,5.4762384372912,90.4100606794878
2026-01-08,USDC,3.9928603367952,89.74225439693743
2026-01-15,USDC,3.9962710655711997,89.86503969441677
2026-01-22,USDC,3.9935000130192,89.76528258232456
2026-01-29,USDC,3.9832852314096003,89.3975533440011
2026-02-05,USDC,3.6063545972976,75.82815913896425
2026-02-12,USDC,3.5745225278688,74.68221376950653
2026-02-19,USDC,3.3901867743264003,68.04617972589246
2026-02-26,USDC,3.4848664651152004,71.45462129294764
2026-03-05,USDC,3.4382933718335997,69.77800338729146
2026-03-12,USDC,3.3216834078864,65.58007828376465
2024-07-06,USDT,1.4999999976144,0.0
2024-07-11,USDT,5.964315398121601,73.18549840370892
2024-07-18,USDT,6.7902113268432,86.72477590968246
2024-07-25,USDT,6.350906540260801,79.52305809936311
2024-08-01,USDT,5.6603498437296,68.20245651900312
2024-08-08,USDT,4.6128506763744,62.25701363705093
2024-08-15,USDT,4.3604523949824,57.209047995010685
2024-08-22,USDT,4.8979905222816,67.95981054565435
2024-08-29,USDT,4.9265956925856,68.53191394914505
2024-09-05,USDT,4.1178486716928,79.32874778783616
2024-09-12,USDT,4.2243759993312,82.55684859288097
2024-09-19,USDT,11.3620021942896,91.72300055015108
2024-09-26,USDT,4.197725950651201,81.74927140511575
2024-10-03,USDT,40.8088296183888,99.08470740662243
2024-10-10,USDT,19.3404571910784,93.71761429965825
2024-10-17,USDT,16.6424553011952,93.0431138266981
2024-10-24,USDT,7.8798381404688005,90.85245953687196
2024-10-31,USDT,8.7507790414416,91.07019476201086
2024-11-07,USDT,11.5601353325712,91.77253383480877
2024-11-14,USDT,13.578145048080001,92.27703626363883
2024-11-21,USDT,12.3541211213424,91.97103028224016
2024-11-28,USDT,4.43810014812,89.03333794642992
2024-12-05,USDT,10.59500792916,91.53125198401194
2024-12-12,USDT,25.6838679899568,95.30346699934398
2024-12-19,USDT,4.4016557463216,87.92896215404772
2024-12-26,USDT,9.1442469521232,90.92477851692331
2025-01-02,USDT,8.3296693474128,90.68519686810123
2025-01-09,USDT,5.9276961260496,88.55392261216298
2025-01-16,USDT,5.9981256073008,89.96251226587513
2025-01-23,USDT,12.4285251035952,91.89074267899804
2025-01-30,USDT,6.6874568905584,90.20219320408252
2025-02-06,USDT,8.760084564484801,90.81178957962616
2025-02-13,USDT,5.8266140911488,86.53228194176613
2025-02-20,USDT,5.3421630733728,76.84326152894444
2025-02-27,USDT,5.8446222067584,86.89244420464888
2025-03-06,USDT,4.6399886279712,62.79977263266828
2025-03-13,USDT,4.6863861950304,63.72772395832709
2025-03-20,USDT,4.7989300837392,65.97860174280572
2025-03-27,USDT,4.7384826105744,64.76965227446227
2025-04-03,USDT,4.3011965190384,67.23947488212765
2025-04-10,USDT,3.99177184968,59.81209440060557
2025-04-17,USDT,4.2464070552384,65.9243173083279
2025-04-24,USDT,4.3150401103248,67.57177425435289
2025-05-01,USDT,4.0609644921648,61.47298361804159
2025-05-08,USDT,4.348241800848,68.36874231247386
2025-05-15,USDT,5.4441904219488,90.40115845294648
2025-05-22,USDT,3.9159017777088003,86.97176849279451
2025-05-29,USDT,3.9171039931008,87.0150478425538
2025-06-05,USDT,3.9536320630608004,88.33004782274107
2025-06-12,USDT,4.8849072198048,90.24580200755916
2025-06-19,USDT,3.9312771797376,87.52527853029221
2025-06-26,USDT,3.9353960840832003,87.67355786578041
2025-07-03,USDT,3.8978209968479995,86.3208655220667
2025-07-10,USDT,5.354869769784,90.3763471603807
2025-07-17,USDT,4.0065584367456,90.00181623521564
2025-07-24,USDT,4.8348854063280005,90.23190705959098
2025-07-31,USDT,3.9919872594815997,89.71082386788186
2025-08-07,USDT,5.7592630974528,90.48867864032381
2025-08-14,USDT,6.7614455499984,90.76706265484293
2025-08-21,USDT,8.1680332792032,91.15778146879963
2025-08-28,USDT,3.9722769630432,89.00125882562958
2025-09-04,USDT,7.6592587874544,91.01645522133495
2025-09-11,USDT,3.981887111232,89.34722148010624
2025-09-18,USDT,6.0037692362496005,90.55659701277588
2025-09-25,USDT,4.719566548296,90.19987404379066
2025-10-02,USDT,5.331218592873601,90.36977738966773
2025-10-09,USDT,6.432319127304,90.67563864927244
2025-10-16,USDT,3.9658570060751996,88.77014222551803
2025-10-23,USDT,3.9892102655472,89.61085288926384
2025-10-30,USDT,3.9853882568736,89.47326172744195
2025-11-06,USDT,3.9205955108015997,87.14074146885191
2025-11-13,USDT,3.9963906311615998,89.86934397865637
2025-11-20,USDT,3.9943697822064,89.79659401128994
2025-11-27,USDT,3.7569791142432,81.2505982890909
2025-12-04,USDT,3.8634471321264,85.08341629208887
2025-12-11,USDT,4.293052413264,90.08139789516225
2025-12-18,USDT,3.7484131608576,80.94222642825592
2025-12-25,USDT,3.9933646100496,89.7604081455572
2026-01-01,USDT,3.7748531482415997,81.89405834738366
2026-01-08,USDT,3.955675334112,88.4036050018261
2026-01-15,USDT,4.954551438888,90.26514762463579
2026-01-22,USDT,3.9023163022752003,86.48269526948059
2026-01-29,USDT,3.8549136261311996,84.7762125679171
2026-02-05,USDT,3.3772062697488003,67.57888530315022
2026-02-12,USDT,3.1546493572464,59.566900517497686
2026-02-19,USDT,3.3275112196896,65.78987774349336
2026-02-26,USDT,3.1891373444448,60.80845816090038
2026-03-05,USDT,3.2425933494816,62.732858877869646
2026-03-12,USDT,3.1167576485712,58.202809943807765
