date,borrow_rate,supply_rate,tvl_usd,borrow_usd,symbol,utilization
2024-03-15,8.943140993952047,5.316787735468933,2543682.312886,1592367.405805,USDC,62.60087581449346
2024-03-22,9.957064006038278,6.621026447264957,2350440.75358,1748140.152986,USDC,74.37499329959181
2024-03-29,11.82518513187443,9.305693511961243,2354017.637836,2005674.659012,USDC,85.20219333852467
2024-04-05,10.32912702486818,8.152759888376936,2378786.099693,1944521.519692,USDC,81.74427788790909
2024-04-12,9.951691938903837,7.582085801062882,2373625.806035,1704191.912033,USDC,71.7969912401547
2024-04-19,9.512680402553675,6.9215513998177745,2340778.737787,1823439.669112,USDC,77.89884792083772
2024-04-26,9.254195608795424,7.025108008964444,2265225.143389,1765915.500092,USDC,77.95761517329869
2024-05-03,7.703844729387959,5.87065564775701,2267416.018708,1898942.980157,USDC,83.74920898896356
2024-05-10,8.056915080006913,6.417228390614482,2334949.119905,1931264.477356,USDC,82.71120175135019
2024-05-17,8.18264557557144,6.6303566927038196,2394188.540295,1868726.847966,USDC,78.05261851832874
2024-05-24,7.607928941704729,6.38196216025935,2395418.8966,2072863.599896,USDC,86.53449310424047
2024-05-31,6.863156559823591,5.8291332406876455,2567020.17349,2285839.518061,USDC,89.04641816481247
2024-06-07,7.353329755548218,6.213749428310853,2565638.537297,2321564.704631,USDC,90.48681920239858
2024-06-14,8.000857499358514,6.6533147796442105,2567838.488311,2167557.959866,USDC,84.41177160218183
2024-06-21,7.886141313579582,6.457996417722385,2572925.914182,2180336.268772,USDC,84.74150991888104
2024-06-28,7.537973733887105,5.899543688009284,2560057.026076,2098089.439643,USDC,81.95479312657756
2024-07-05,7.60265803425683,6.001955119188853,2562748.755899,2230615.089219,USDC,87.03994428187757
2024-07-12,7.772802536095759,6.272352142691446,2603267.852515,2159742.78722,USDC,82.96275717973035
2024-07-19,7.1708056134619955,5.68424946208163,2607348.877925,2198492.528459,USDC,84.31907778327773
2024-07-26,7.319828799498479,6.07154441440496,2347747.063372,2054067.039482,USDC,87.49098535903624
2024-08-02,12.908056049929657,11.809713318869939,1818988.947401,1747452.142603,USDC,96.06722157931674
2024-08-09,7.386802557486106,6.343948732550035,1878142.421076,1698070.485415,USDC,90.41223212679283
2024-08-16,6.69250331460527,5.395091891837523,1885222.193827,1607279.877294,USDC,85.25678737269811
2024-08-23,6.015064928867536,4.785835400685365,2218773.194087,1815705.919924,USDC,81.83377754710716
2024-08-30,6.194886564636647,5.080747992155131,2194143.344893,2016114.887046,USDC,91.88619748744439
2024-09-06,10.105796682739813,9.048797203760646,2477264.092214,2022541.343259,USDC,81.64415532505453
2024-09-13,5.903890189083117,4.612450043406677,2710775.914135,2065441.241826,USDC,76.193728557791
2024-09-20,5.780105144929436,4.421389169303162,2571875.564165,2224640.821525,USDC,86.49877360016308
2024-09-27,6.026485763374934,4.804150866940607,2378718.063624,2058604.133999,USDC,86.54258634008507
2024-10-04,6.25297407184376,5.170834623244807,2441295.85345,2122091.547211,USDC,86.92480037649246
2024-10-11,6.357362722632553,5.488228261745495,2222337.042057,2087141.845388,USDC,93.91653047622951
2024-10-18,11.512574912747171,10.616817984181155,1909707.780554,1848139.527611,USDC,96.776038011159
2024-10-25,7.297838110955546,6.430069540147763,2067494.351218,1839826.61663,USDC,88.98822942592919
2024-11-01,6.386883604018956,5.552988756295163,1949438.606028,1870755.646224,USDC,95.96381442530692
2024-11-08,7.937249637637227,7.126561187826943,2018393.024417,1943771.667017,USDC,96.30293225861926
2024-11-15,11.094960872843872,10.210152239674134,1896876.971262,1738373.804747,USDC,91.64399331552076
2024-11-22,7.7019006357059965,6.209935594248641,1626178.130195,1435905.800017,USDC,88.29941648795977
2024-11-29,11.201187571935607,10.051745781740975,1367549.567111,1342406.923982,USDC,98.16148213317673
2024-12-06,12.361497780615696,11.32377858774419,1355778.56769,1308584.572447,USDC,96.51904843698703
2024-12-13,14.206618956225824,12.432646620562664,1920319.19672,1848273.146509,USDC,96.24822527764874
2024-12-20,11.460352492200883,9.587486936659056,1410491.939868,1337141.508703,USDC,94.79965612764406
2024-12-27,19.123969348664826,17.735828380172016,1319362.134181,1253976.476713,USDC,95.04414627538266
2025-01-03,18.968740872120637,17.468296768723647,1288910.504897,1194989.77883,USDC,92.71316932322578
2025-01-10,14.496132370506132,13.11410605277681,1215654.167301,1145638.15292,USDC,94.24046605816768
2025-01-17,10.863552991305637,9.030101260241432,1313443.60282,1145439.655117,USDC,87.20889520172082
2025-01-24,13.098152338514558,11.328207292632632,1409250.819459,1196989.10139,USDC,84.93797447990944
2025-01-31,10.352160536974042,8.212982735246012,1231208.697108,1045809.902173,USDC,84.941724715681
2025-02-07,9.733496124222398,7.278296096860573,1407983.767563,1121310.374327,USDC,79.63943904465695
2025-02-14,9.762620509933353,8.341908005766092,1581226.531728,1277700.388334,USDC,80.80438587997257
2025-02-21,7.31188945125765,5.754509249339848,1523938.657752,1283678.499242,USDC,84.23426315174564
2025-02-28,6.147321852537625,4.974895806340484,1443590.442818,1264055.218127,USDC,87.56328530822542
2025-03-07,6.520248271308288,5.549849776946023,1327953.800469,1188917.865581,USDC,89.53006235315597
2025-03-14,4.501562707527226,3.186408037486099,25955682.55662,12343512.041812,USDC,47.55610650918439
2025-03-21,3.7274235193733594,2.0496367049234343,25814518.713064,17724100.61949,USDC,68.65942695464756
2025-03-28,4.007748072580789,3.0667092776966878,50747268.402852,27023721.721032,USDC,53.25157899437454
2025-04-04,2.778111111390703,1.60767329937643,50739391.205598,37159338.467472,USDC,73.23568057192668
2025-04-11,3.8653937936686615,3.080486592884738,50751436.2424,44034554.225902,USDC,86.76513905061385
2025-04-18,3.4480900144919877,2.574714760859488,100751615.861636,56840016.182435,USDC,56.41598469298439
2025-04-25,2.667639055659383,1.459682980593421,100809882.339735,59671275.075509,USDC,59.191890408534974
2025-05-02,2.7745517048459756,1.5590382378591754,199811544.083818,80131938.986372,USDC,40.10375844588731
2025-05-09,4.186921371111841,3.135804361169847,60204421.371218,54367812.993754,USDC,90.30534926749696
2025-05-16,5.126198297116184,4.390474395240017,58676978.640716,53152404.37537,USDC,90.58476698472595
2025-05-23,5.216834935929123,4.548142717175561,54511609.735045,50775968.86324,USDC,93.14707290802423
2025-05-30,5.285846412724228,4.668206484526867,33175965.352186,30780889.601402,USDC,92.78069010092517
2025-06-06,3.007529770257975,1.9429255223639736,26708654.045646,15914421.944804,USDC,59.58526370368836
2025-06-13,3.868234282174817,2.547885691192996,24507793.207272,19778938.171715,USDC,80.7046885226947
2025-06-20,4.924042965879515,3.8714566858243202,13627703.92197,12415226.671898,USDC,91.1028500691353
2025-06-27,5.291342838650747,4.431927237700765,8217440.925184,7559424.478368,USDC,91.99244079991648
2025-07-04,5.779391111506314,4.891913251874452,8619911.891809,8031269.228498,USDC,93.17112900109393
2025-07-11,5.275893335567653,4.4058573330567725,7656717.271314,7142689.835598,USDC,93.28658199719858
2025-07-18,7.6671856251657236,6.629193234081833,7664080.7868,7697936.825282,USDC,100.0
2025-07-25,9.947549405875597,8.699947534006538,7596984.822743,7353911.140203,USDC,96.80039267931254
2025-08-01,11.283061880806148,9.923631075025712,7650000.783796,7625837.471311,USDC,99.68413973844052
2025-08-08,9.131951041962182,7.949697782306593,7809408.555267,7479852.578473,USDC,95.78001362764235
2025-08-15,7.3411235759248,6.077354421896804,11899626.361427,7809293.529792,USDC,65.62637592644137
2025-08-22,5.9123018957581746,4.86946572080467,9679670.217776,8715391.920606,USDC,90.038107957447
2025-08-29,5.780464449891271,4.7935546853461,9002660.422304,8271013.571691,USDC,91.87299291218012
2025-09-05,5.801886380000127,4.886057018327179,8804874.085963,8208348.908296,USDC,93.22505725984205
2025-09-12,5.890603827323234,4.959219885924937,8852697.345522,8254125.758902,USDC,93.23854003748612
2025-09-19,5.782454000438421,4.853202121513582,8829890.710852,8235409.774309,USDC,93.26740323283526
2025-09-26,5.748829936598062,4.797202863601476,8831209.33646,8235994.05125,USDC,93.260093125042
2025-10-03,5.785223482179349,4.858083679226191,8689630.029543,8020175.825094,USDC,92.29594122910885
2025-10-10,4.42520672927954,3.256803366714828,50000001.126861,34835483.682387,USDC,69.67096579458412
2025-10-17,4.5785335215054115,3.355768871193362,50000269.446306,36670222.514184,USDC,73.34004980425797
2025-10-24,3.9223129043391722,2.5193434759518794,50000000.485954,32256173.845987,USDC,64.51234706497333
2025-10-31,4.443645821705067,3.2783367861874995,51530644.622691,46774172.376614,USDC,90.76962401517768
2025-11-07,4.80276800043309,3.917609990374863,51724251.15786,46790751.210963,USDC,90.46192098201637
2025-11-14,4.647141022519576,3.665133301562778,50000563.4791,38742777.46444,USDC,77.48468170890574
2025-11-21,4.692297594948935,3.6778491485915694,50000541.267099,41810395.850012,USDC,83.61988648615645
2025-11-28,4.697940708866348,3.6822837163323463,50000421.92228,36834415.327325,USDC,73.66820900947583
2025-12-05,4.6892222223105,3.754146793240751,50000004.621729,39421406.06199,USDC,78.84280483617844
2025-12-12,4.6196727820117145,3.7203486648109387,50000004.157013,44018831.288013,USDC,88.03765525655245
2025-12-19,4.724805020879501,3.98062439269195,50000002.620737,41809719.106037,USDC,83.61943382918311
2025-12-26,4.46763423048962,3.630273334652917,50001160.031187,40544561.598687,USDC,81.08724192278403
2026-01-02,4.692708869824891,4.013899332334139,57387667.419223,51721739.096376,USDC,90.12692347040908
2026-01-09,4.7251732767772765,4.065143605711877,50000001.339227,41510958.28142,USDC,83.02191433913622
2026-01-16,4.696481309041633,4.018011931494601,50000000.753668,42867356.441469,USDC,85.73471159062782
2026-01-23,4.5209565979316855,3.729638311930401,50000246.822457,35910582.609321,USDC,71.82081067886288
2026-01-30,4.551721145976606,3.8034286310092438,53769505.021574,48477939.960375,USDC,90.15879900870233
2026-02-06,4.312164157435927,3.4102012600349405,50000939.990405,34652520.257586,USDC,69.30373761820417
2026-02-13,4.3795710697156425,3.4966925973478413,50000048.143111,41853920.039341,USDC,83.70775947964289
2026-02-20,4.178795906212166,3.1933004319583267,50001531.272954,36464775.004369,USDC,72.92731657618837
2026-02-27,3.5785686607132625,2.3491975061913055,50000066.427543,30258106.675694,USDC,60.51613295262752
2026-03-06,4.134136789539374,3.161220299006207,19962966.262289,17989157.106708,USDC,90.11264593824608
2026-03-13,4.729084318863495,4.206592739925837,17847246.458966,16016213.528207,USDC,89.74052980683116
2024-03-22,10.442676124222995,7.590004145249871,140199.814064,121079.734334,USDT,86.36226455958646
2024-03-29,16.340591527265982,14.154076625030726,164602.389848,137194.317161,USDT,83.34892177913721
2024-04-05,24.197009192813134,22.580855134549562,151190.683736,148100.964285,USDT,97.95640883773295
2024-04-12,10.154394926098316,7.9005574071193365,210559.591676,158928.919109,USDT,75.47930628282798
2024-04-19,9.094004509369773,6.322425562860311,208714.843964,144920.953943,USDT,69.43490515125822
2024-04-26,9.42287917561262,7.066746564818331,209048.304177,166142.653459,USDT,79.47572409787547
2024-05-03,7.940894919155608,6.237759336556931,214187.446262,177184.026995,USDT,82.72381509150802
2024-05-10,8.516879067945917,7.177794367150563,196904.276303,177451.9773,USDT,90.1209362395632
2024-05-17,9.865502360512293,8.568157132579584,207516.952677,200283.373791,USDT,96.51422267304635
2024-05-24,7.0864801474969,6.213305953684802,214855.10658,201614.353482,USDT,93.83735704086239
2024-05-31,11.721536468621055,10.55728397325412,217680.552936,202804.459972,USDT,93.16609005106042
2024-06-07,18.56506834733064,17.44998937986188,203495.820882,201785.023995,USDT,99.15929630417716
2024-06-14,10.369229624624522,9.041189636754241,276483.915455,186632.473933,USDT,67.50210898375965
2024-06-21,9.501780780737892,7.808313330786168,226725.84193,226532.269539,USDT,99.91462270495846
2024-06-28,11.338851308519594,9.725166748326627,290465.878288,218571.344791,USDT,75.24854419364335
2024-07-05,7.922150854690081,6.515430089153047,255389.83543,225819.387903,USDT,88.4214469705843
2024-07-12,8.049498128709894,6.724631987214953,248510.041855,220136.219072,USDT,88.58242404564261
2024-07-19,7.80868547699714,6.686404496316009,247828.375136,226239.569655,USDT,91.28880804340795
2024-07-26,7.025040945732448,5.7696492509125585,254641.328182,209260.546529,USDT,82.17854816537678
2024-08-02,6.966810597911082,5.646131310679948,278752.413829,243050.132214,USDT,87.19211750506976
2024-08-09,7.174480569281421,5.9962361744478185,246026.068877,229329.612418,USDT,93.2135417457134
2024-08-16,6.449248266603618,4.942518541057239,297863.955447,229243.724142,USDT,76.96255956783268
2024-08-23,6.0894649093887585,4.934831518819065,275773.905246,256581.472936,USDT,93.0405190828771
2024-08-30,5.668249028188709,4.696665144741495,837165.823187,232626.246335,USDT,27.78735584897828
2024-09-06,8.319790619466096,7.272592571676297,510278.656875,430475.846337,USDT,84.36093505718605
2024-09-13,8.302533251356417,7.107896225009576,480457.999038,406702.572227,USDT,84.64893352620265
2024-09-20,5.679952319422352,4.332630462240291,439937.478288,415611.18045,USDT,94.47051023416671
2024-09-27,6.077678819504396,4.888024786865682,529451.743982,416663.926816,USDT,78.69724324303397
2024-10-04,6.1385619862572085,4.986099219938823,486296.929275,414306.822758,USDT,85.19626545363404
2024-10-11,5.912912659594284,4.8640246437947665,470406.029077,417007.199514,USDT,88.64835349415574
2024-10-18,5.833846736170912,4.834377143000778,489857.887443,426521.424373,USDT,87.07044130684334
2024-10-25,8.324271203688921,7.395062985960678,442336.42309,427448.908353,USDT,96.63434572423377
2024-11-01,9.81885569581991,8.872468213971201,475695.691565,454874.596629,USDT,95.62302217463852
2024-11-08,15.813501585637837,14.804794289722253,472604.756031,461552.628847,USDT,97.66144393534731
2024-11-15,13.158336467416715,12.205648339705599,517350.848229,456741.047551,USDT,88.28458465169624
2024-11-22,13.920485832642854,12.911649715751642,446804.069824,420218.213506,USDT,94.0497730183003
2024-11-29,12.929938758170815,11.900253492123221,423417.961783,422343.428736,USDT,99.74622402826863
2024-12-06,18.73797397420613,17.366466143523578,500919.77324,419781.319577,USDT,83.80210604620612
2024-12-13,13.485314148589989,11.659628443898239,477136.94834,424178.911565,USDT,88.9008728082691
2024-12-20,10.112417841669812,7.778509221628051,673850.574235,572706.570712,USDT,84.99014360300497
2024-12-27,12.320185903184012,10.605236184718697,598819.927665,576021.626338,USDT,96.19279515030532
2025-01-03,12.110573359576273,10.431685327040128,633617.982487,535288.53231,USDT,84.48127217111971
2025-01-10,10.906485871941817,9.045363008279642,614894.666026,536425.670736,USDT,87.23862807314023
2025-01-17,8.580653656583953,5.869739693929643,999113.946412,653341.495768,USDT,65.39209047319059
2025-01-24,12.277093982007939,9.61497948655389,1027993.799595,641082.143843,USDT,62.362452389845934
2025-01-31,9.550561598574088,6.990030579091257,1038790.728933,803536.883479,USDT,77.35310501898275
2025-02-07,9.120790061551206,6.583021548267669,1120511.180455,869924.911965,USDT,77.63643300834842
2025-02-14,10.572774438765103,9.066726851682981,943475.488785,883947.07504,USDT,93.69051825377464
2025-02-21,7.557816310676364,6.163950620505713,865897.773659,794697.823727,USDT,91.77732613503181
2025-02-28,5.976837020957359,4.656551785592703,878218.930057,824507.148941,USDT,93.88401009387101
2025-03-07,5.942508469609862,5.067649707719909,943784.001302,821079.647789,USDT,86.99868260706656
2025-03-14,4.894613273581695,3.4382649700061814,1032640.041478,746675.913966,USDT,72.30747249518772
2025-03-21,4.8957707284056164,3.435516909902275,1002935.538938,751921.280166,USDT,74.9720446602384
2025-03-28,3.9201643205414545,2.9398823189605525,1003554.229999,794846.863959,USDT,79.20318007725324
2025-04-04,3.623486952027168,2.6938668345207017,1004159.578238,795373.927453,USDT,79.20792119999925
2025-04-11,3.304523782646538,2.2540190722012046,977326.82683,653292.829934,USDT,66.84486826714686
2025-04-18,3.3740650568127903,2.4097541385730135,1368532.962731,820802.542402,USDT,59.97681932074425
2025-04-25,3.487211122467958,2.581474529644258,1413760.824955,831070.934854,USDT,58.78440823825013
2025-05-02,3.554756728870217,2.5902408144866405,1033466.219618,832985.628125,USDT,80.60114712147016
2025-05-09,2.5416188862365052,1.5934516771326113,10951463.68449,2648212.918937,USDT,24.181360548978752
2025-05-16,3.028570597052162,1.7696073423954464,15990511.005505,13423491.874409,USDT,83.94660977243153
2025-05-23,4.4167877935082345,3.2599196978697274,15938256.740058,12255632.243079,USDT,76.89443358178958
2025-05-30,4.271721956963219,3.048804441318026,15947720.011144,11950731.03809,USDT,74.93692533941547
2025-06-06,4.887476935258744,3.9977234645583386,18005059.092474,14067790.511517,USDT,78.13243177522948
2025-06-13,4.374791323895479,3.1981857535960034,15978030.671533,12450638.429299,USDT,77.92348559876956
2025-06-20,4.359567690374753,3.010595802492561,15987081.892667,12532317.640344,USDT,78.39027612720467
2025-06-27,3.9775321516598927,2.5392698388685324,15861210.805588,11573887.74658,USDT,72.96976181983817
2025-07-04,4.402055835872125,3.068915621453115,15870212.313583,12549252.136081,USDT,79.07425488782116
2025-07-11,4.6089995316523105,3.362720612173111,15879593.303922,13132272.112122,USDT,82.69904562907504
2025-07-18,4.690754196267955,3.5447517573730463,23382656.691833,21391943.602747,USDT,91.48636908405147
2025-07-25,4.304971748478284,2.9418333063263638,23395165.413563,18421239.5786,USDT,78.73951413876544
2025-08-01,4.288528601817541,2.9489029662538115,33410099.276114,19283613.098486,USDT,57.71791618791298
2025-08-08,3.965336312416945,2.4138407969101405,33425036.102915,22775335.027843,USDT,68.13855027027708
2025-08-15,5.2490474277888,3.971895632382803,50018570.18689,46840598.251375,USDT,93.64641587386288
2025-08-22,4.895653850091535,3.4027700970843746,108854702.11755,78888166.172139,USDT,72.4710688996689
2025-08-29,3.931224417326504,2.2448232330740425,208116990.151235,112269720.80642,USDT,53.94548552947818
2025-09-05,4.912211983467441,3.5899061561780385,333872453.366534,294569555.501267,USDT,88.22816992867656
2025-09-12,5.379110267336619,4.218437878050262,400737726.268998,314855945.880804,USDT,78.5690802840596
2025-09-19,5.144743262375114,3.922658628978492,401080882.233891,225739243.65915,USDT,56.28272342522419
2025-09-26,4.134491923013942,2.518755674791994,548212310.949843,341189349.64082,USDT,62.23671793317974
2025-10-03,5.063463242125264,3.7865081501916174,724252130.920611,511725522.95241,USDT,70.65571519989119
2025-10-10,4.676298628692711,3.3537374543545333,899349073.757752,477286568.720042,USDT,53.07022408171219
2025-10-17,4.011612421489508,2.5979802317246645,899920135.91624,586593169.520727,USDT,65.1828030187919
2025-10-24,4.248446676283013,2.9078620962140755,776695994.13503,539204683.575395,USDT,69.42287428376427
2025-10-31,4.838020378324432,3.89456179383035,745375643.848109,458539176.347592,USDT,61.517864198019346
2025-11-07,3.491815291187109,2.0944615415720116,659172221.176929,412795913.87967,USDT,62.62337832480824
2025-11-14,4.778475008241138,3.9170993020828497,502766556.807276,379736871.664382,USDT,75.52946124257532
2025-11-21,3.737097833654932,2.4041766165896696,516625835.134068,260862358.967528,USDT,50.49347927012445
2025-11-28,3.9231553209398773,2.614604523758898,308932336.676975,221665734.372745,USDT,71.75219556395047
2025-12-05,4.748621122370618,3.880802254461412,279242164.680044,192029800.832218,USDT,68.76819661251587
2025-12-12,4.430322265634658,3.4620847859650623,288584888.373257,258947419.48413,USDT,89.73006900805085
2025-12-19,4.1593529516642365,3.10116655186532,350051147.246416,271538748.591406,USDT,77.5711637363263
2025-12-26,4.294355977054938,3.3608399652275183,334815605.771805,268960428.247978,USDT,80.33091158579063
2026-01-02,4.467885319912569,3.631389131889218,353507542.994008,285607093.394948,USDT,80.79236187607715
2026-01-09,4.238010578388969,3.2888462077034255,342403362.731636,236564451.450438,USDT,69.0894065885238
2026-01-16,4.206496588145823,3.2476330585301207,258534930.432605,223265140.557658,USDT,86.35782413775567
2026-01-23,4.539002117039567,3.7488400317694626,261699751.916369,213993556.686297,USDT,81.77063796173663
2026-01-30,4.161018791173256,3.154354583493629,243491103.512546,188659424.442425,USDT,77.48103389440848
2026-02-06,3.679847695729336,2.4989393549299344,329498095.546038,183560412.609907,USDT,55.70909668103368
2026-02-13,3.2935652448505666,2.0180946421396735,322283738.655973,240038331.332279,USDT,74.48043526282652
2026-02-20,3.5417626708651677,2.305062290750726,310386289.280489,196973179.274011,USDT,63.46065727665271
2026-02-27,3.9479171234920805,2.8538517960824654,256357080.885676,193153881.954163,USDT,75.34563948335064
2026-03-06,3.5574416054072953,2.3101161159225514,323977100.776978,210780312.309285,USDT,65.06025018551657
2026-03-13,3.3832777409974457,2.1684523684061494,280789949.306231,164289444.080101,USDT,58.50973102350115
2024-03-15,14.842000546753281,13.721043049846202,1147299942.6907432,1060928345.8759147,DAI,92.47175096930079
2024-03-22,14.842000546753281,13.924433835568124,1009404839.6565855,952693785.4964832,DAI,94.38173347976058
2024-03-29,14.593547078340062,13.58411583319545,1032730552.6421059,987610242.2662699,DAI,95.6309697374207
2024-04-05,13.102826267860738,12.293481990513945,991226511.1202755,903946009.4968992,DAI,91.19469660625475
2024-04-12,13.102826267860738,12.262466076874647,988864346.0544431,943333550.525062,DAI,95.39564797628223
2024-04-19,13.102826267860738,12.151373344227254,870584592.8347768,810235140.0976399,DAI,93.06793926358972
2024-04-26,11.959901388645507,10.906418547644256,817216694.9697596,757356820.1458544,DAI,92.6751527235845
2024-05-03,10.436001549691865,9.585883398901073,808960770.0408456,730183934.063164,DAI,90.26197080314488
2024-05-10,10.436001549691865,9.591742251800158,759473535.5735273,695505729.4406537,DAI,91.57734889543354
2024-05-17,10.436001549691865,9.653293953971362,746693724.9689289,699312865.6604376,DAI,93.65457915017795
2024-05-24,8.617769635880023,8.099844029774257,802152731.1455289,762484373.7614679,DAI,95.05476253538254
2024-05-31,8.617769635880023,8.185220428949394,895437397.7880453,855641240.3139437,DAI,95.5556739563918
2024-06-07,8.617769635880023,8.217637762530378,991041774.9552692,949229345.9523188,DAI,95.78096200789945
2024-06-14,8.617769635880023,8.174616198588028,989351290.4276785,934560851.032383,DAI,94.4619833293379
2024-06-21,8.617769635880023,8.042314282129771,970780314.1122899,924760610.9053808,DAI,95.25951417247363
2024-06-28,8.617769635880023,8.221672494462478,1011473383.426031,973427252.147401,DAI,96.23854350474737
2024-07-05,8.617769635880023,8.153329347807846,974609664.3395212,924025502.3097552,DAI,94.80980295182626
2024-07-12,8.617769635880023,8.131880074298554,948168728.5256889,898246961.1227098,DAI,94.73492787717196
2024-07-19,8.091103628522118,7.6807484461417035,963229436.3962052,931212034.8489391,DAI,96.67603580855513
2024-07-26,7.69610412300369,7.370488000366889,1017227553.7357093,977540479.9781816,DAI,96.09850582480004
2024-08-02,7.69610412300369,7.331077847246702,987508547.030118,932190461.7969191,DAI,94.39821706864561
2024-08-09,7.69610412300369,7.254167238390212,969073052.5603023,902729764.2280788,DAI,93.15394353842122
2024-08-16,7.430321474899597,6.989180451468008,966758489.7312615,903305064.6703635,DAI,93.43647604495962
2024-08-23,6.765864854639365,6.422002459743306,944550447.9265732,908126063.2413552,DAI,96.14373326854326
2024-08-30,6.765864854639365,6.409009309528978,957672626.7102317,904279184.3939439,DAI,94.42466654813938
2024-09-06,6.765864854639365,6.419674065099064,936434964.6740584,886053552.5596062,DAI,94.61987067815346
2024-09-13,6.765864854639365,6.355748152573083,939044051.191899,880630319.5254792,DAI,93.77944713112478
2024-09-20,6.765864854639365,6.316558335872328,915005566.838071,867595373.8904027,DAI,94.81858967137208
2024-09-27,6.765864854639365,6.421507638238883,887049496.7121072,851410286.2668872,DAI,95.98227488124186
2024-10-04,6.765864854639365,6.353009322285966,865271880.2346741,817213167.2475249,DAI,94.44582516952764
2024-10-11,6.428140482901673,5.992605532752866,866042936.0851669,817258021.3483224,DAI,94.36691730812213
2024-10-18,6.293050734206597,5.898135424605028,865247558.8795332,811475609.8375496,DAI,93.78536830411674
2024-10-25,6.293050734206597,6.004459478543694,1013233449.9434017,1013529863.0688267,DAI,100.0
2024-11-01,6.293050734206597,6.085050710424386,1142173805.029067,1104995819.2369728,DAI,96.74497999968156
2024-11-08,6.293050734206597,6.0472666993398905,1253958531.1392128,1206407359.0844545,DAI,96.20791510453233
2024-11-15,6.293050734206597,6.081080020340886,1295633729.4596748,1258737239.257635,DAI,97.15224377359898
2024-11-22,7.634471783426022,7.271363937058554,1427599028.1858535,1327919247.1237,DAI,93.01766258633396
2024-11-29,8.171040203113792,7.752096591811374,1526779977.0242217,1433889731.7125587,DAI,93.91593767867515
2024-12-06,9.096972746652815,8.876608652556545,1715535154.1412609,1715854429.995358,DAI,100.0
2024-12-13,11.434780003967902,10.964377019289172,1738490710.47511,1643812640.379074,DAI,94.5540077076304
2024-12-20,11.824414546853749,11.0655160847886,1580910332.91074,1468022509.8010767,DAI,92.85931524643675
2024-12-27,11.824414546853749,11.003770890195694,1408555149.0874274,1307878502.7797494,DAI,92.8524881419869
2025-01-03,11.824414546853749,11.15475663455407,1358536693.461426,1240380493.8224406,DAI,91.30268617640836
2025-01-10,11.824414546853749,10.843734797301893,1180091836.1746547,1089202020.7375443,DAI,92.29807268799217
2025-01-17,11.97004957598221,10.941324108238504,1161333657.506602,1059493455.5230174,DAI,91.23075428621979
2025-01-24,12.028303587633596,10.952271119173703,1151682829.8774757,1045277669.0169573,DAI,90.76089717584497
2025-01-31,12.028303587633596,10.894291231705903,1108370848.335074,1010873317.6952873,DAI,91.20352806226893
2025-02-07,12.028303587633596,10.804440028023935,990983856.082451,882043104.7150608,DAI,89.00680866809941
2025-02-14,9.606764174485226,8.612906551555083,1019325885.3176441,919851906.037922,DAI,90.24119953073459
2025-02-21,8.63814840922588,7.773665802154233,1020710091.3066502,917716750.5480645,DAI,89.90963823755872
2025-02-28,7.144813775797836,6.443577401628148,1065304804.5359366,968451678.737188,DAI,90.90841180980692
2025-03-07,6.547479922426619,5.89227532708224,990042168.4223002,885618006.8057214,DAI,89.45255414898277
2025-03-14,6.547479922426619,5.840447324483344,920975647.3029033,823374444.3575344,DAI,89.40241218850943
2025-03-21,6.547479922426619,5.838158293123626,904390839.7569407,804863938.8658235,DAI,88.99514496211997
2025-03-28,5.371914652657104,4.783392960521785,904521659.5771499,819026587.4395146,DAI,90.54803483892216
2025-04-04,4.901688544749297,4.41988936961369,908841756.0541787,824268061.6859626,DAI,90.69434323358989
2025-04-11,4.901688544749297,4.3102078715550025,847287922.7963713,756744795.4967266,DAI,89.31377104953673
2025-04-18,4.901688544749297,4.317525085732755,845572539.6495223,745801060.493222,DAI,88.20071910120755
2025-04-25,4.901688544749297,4.296743933236848,773795376.995673,674333047.6573603,DAI,87.14617167596896
2025-05-02,5.5836613282169925,4.818532506189631,768622119.3350638,661544635.6303496,DAI,86.06890421038791
2025-05-09,7.0376241676983975,5.639245758866855,823708596.2041575,523491569.8946758,DAI,63.553005554033035
2025-05-16,4.919010948277545,2.715020030741543,999512274.0905502,537488584.386078,DAI,53.77508594130427
2025-05-23,4.921401718008141,2.728972766347456,1004493592.159001,606766258.5318359,DAI,60.40518956698243
2025-05-30,4.963912253924226,2.9769375660739903,1004220821.8143648,584147280.0529133,DAI,58.16920615104472
2025-06-06,4.908425815691058,3.452847346911909,683817259.3938465,520643575.4953717,DAI,76.13782313082939
2025-06-13,4.934585550314141,3.7823503783987067,740330292.9826764,563721265.9283754,DAI,76.14456294328164
2025-06-20,4.900815637291475,3.3567551507468036,736363663.65158,560516236.7409419,DAI,76.11948611931474
2025-06-27,4.900707646905923,3.356607213959625,700168142.8027374,533331838.9375611,DAI,76.17196589417236
2025-07-04,4.901977336611357,3.3583465029957416,674118647.091446,513501677.95537305,DAI,76.17378337936928
2025-07-11,4.901906925691438,3.3582501880322417,673855516.2613794,513325124.9615644,DAI,76.1773277170076
2025-07-18,4.98968066186549,3.471812157632788,669319261.8514146,536416475.3749937,DAI,80.14358856059268
2025-07-25,5.31378713975639,3.8363514785943336,621219367.2358187,499366789.0115028,DAI,80.38493571658722
2025-08-01,5.705947118372561,4.146817654792003,609730121.9784917,494328782.31381375,DAI,81.07337402157266
2025-08-08,5.836869557126276,4.2386666184860555,581956684.7124348,469372565.0922372,DAI,80.65420974142957
2025-08-15,5.7734446896322416,4.171084840571019,445866664.56211483,358081736.8981927,DAI,80.3113947192855
2025-08-22,5.516402839639412,3.8426491907441234,443110794.4842857,333233925.1849203,DAI,75.20329663211082
2025-08-29,5.435602739899157,3.655673280835763,441532529.9924412,329991382.0112612,DAI,74.73772816170771
2025-09-05,5.492151490910087,3.6868482738118282,438978039.20412827,327541970.0533008,DAI,74.61465968710822
2025-09-12,5.490582162414656,3.6847413710408263,415304405.18920994,310037266.4223833,DAI,74.65301657013063
2025-09-19,5.490413426692954,3.6845148457933834,449447733.1833668,335398085.69846064,DAI,74.62449155609026
2025-09-26,5.4911214388891505,3.6854652477071945,448593970.44631165,334759265.21295565,DAI,74.62411161699288
2025-10-03,5.491194917378409,3.6855638890144182,424433148.501131,316787733.20838153,DAI,74.63783974628396
2025-10-10,5.491028626313879,3.6853406590502478,425876290.45987684,317807083.21069896,DAI,74.62427243073786
2025-10-17,5.490384240469808,3.684475839096265,424488402.56998974,316806288.4359046,DAI,74.63249561539423
2025-10-24,5.490546459287636,3.6846933971885134,416778492.3578267,311092468.7342065,DAI,74.64215990951782
2025-10-31,5.319947313245877,3.562501589262611,416001050.5036466,309551607.3332253,DAI,74.41125616352544
2025-11-07,5.217457968034251,3.4890737805488823,408127082.5356494,302627750.4333376,DAI,74.15037212261048
2025-11-14,5.148932268819394,3.439937018462839,395726983.0112509,294459731.7994733,DAI,74.40981900167812
2025-11-21,5.251418828015907,3.513238148709827,359691509.8264791,267631454.93637252,DAI,74.40583044773066
2025-11-28,5.251902957940225,3.513886020214192,355395788.6329438,264498823.47994804,DAI,74.4237359979313
2025-12-05,5.113342910755148,3.4135952192760066,353339709.64390445,262037666.1726861,DAI,74.16026532561753
2025-12-12,5.012101776290469,3.3419583437750826,354380378.6129855,262831125.60742584,DAI,74.16638772048397
2025-12-19,4.874851310208626,3.243670866041699,354437096.18672866,261873122.7576429,DAI,73.8842309608811
2025-12-26,4.771979056477116,3.1700422436183837,354320136.8328911,261812672.6705438,DAI,73.891558919222
2026-01-02,4.772090125512116,3.1701898123605026,353925895.69730717,261544570.7266064,DAI,73.8981165001531
2026-01-09,4.7722318617227,3.1703781316731514,340917190.32819366,251970061.34838387,DAI,73.9094620326472
2026-01-16,4.772453394584256,3.170672484382366,330943995.1160372,244634353.19196635,DAI,73.9201667962555
2026-01-23,4.772148722038803,3.170267674598443,332117353.5362281,245403799.20454937,DAI,73.89068851464883
2026-01-30,4.772096334551216,3.170198061984341,332269935.4342132,245539460.5098152,DAI,73.89758576530318
2026-02-06,4.772182085315362,3.170311998911053,267539734.66994315,197756051.55057347,DAI,73.91651628665177
2026-02-13,4.772492508177652,3.17072445608322,260673683.9800842,192677350.20450997,DAI,73.91515217900965
2026-02-20,4.701324780382002,3.0786284649880504,270091795.25245893,189222596.06033242,DAI,70.05862428492622
2026-02-27,4.523434636407215,2.848423958417962,269258227.04221106,188656972.83417153,DAI,70.06544420445738
2026-03-06,4.523345375609503,2.8483115448658554,268831754.8968304,188336531.45525426,DAI,70.0573976193892
2026-03-13,4.351405414714101,2.726541160262142,271735746.80481875,189047109.0030026,DAI,69.57020238444764
2025-01-31,12.028303587633594,0.0,1.0,0.0,USDS,0.0
2025-02-07,12.028303587633594,0.0,1.0,0.0,USDS,0.0
2025-02-21,8.63814840922588,0.0,1.0,0.0,USDS,0.0
2025-03-14,6.547479922426619,1.0039435145666666e-06,25000086.543667845,11.500000784800704,USDS,4.5999843899394366e-05
2025-03-21,6.54747992242662,0.09830863935615215,25000408.95587748,497431.4398862423,USDS,1.9896932116756374
2025-03-28,5.371914652657104,0.08308085822266698,25000913.89921647,363331.73276128457,USDS,1.4532738052134624
2025-04-04,4.901688544749297,0.07116901014795307,25001234.35027409,363248.92001809995,USDS,1.4529239433896894
2025-04-11,4.901688544749297,0.46602976012490016,25002174.60276458,7417785.382334983,USDS,29.66856083596333
2025-04-18,4.901688544749297,1.457000135777807,25016129.402765054,7436841.506118125,USDS,29.72818610898345
2025-04-25,4.901688544749297,1.5058904079419395,25022918.783824902,7941866.87158645,USDS,31.738371291522405
2025-05-02,4.863673157152557,1.562179178592249,55024740.302288,13727853.632187627,USDS,24.94851144552663
2025-05-09,4.770558050549895,1.8874223322997021,146474681.5486646,70777928.74678311,USDS,48.32093027849862
2025-05-16,4.8271300577057925,2.191251774491866,278323502.7316266,119832432.40238902,USDS,43.05508921319428
2025-05-23,4.831297638535843,2.215985629576554,287205306.4328509,122322209.67956078,USDS,42.59051171401665
2025-05-30,4.801089050658831,2.045394600636017,339711427.0897655,144695238.37227392,USDS,42.59357408487751
2025-06-06,4.801835662942869,3.1423835488106557,235059239.8574468,175424804.6317339,USDS,74.63003995848936
2025-06-13,4.800223996202628,3.578190447831092,346536588.43700874,258349225.73769748,USDS,74.55178886100757
2025-06-20,4.8010945268038085,3.22153977886576,456442266.3860105,340311995.0492751,USDS,74.5575114556712
2025-06-27,4.801126017163642,3.2215816593055706,496247424.86601627,369909125.2891165,USDS,74.54126847892252
2025-07-04,4.800907212613053,3.221287918384417,520475290.990523,388121138.2838321,USDS,74.57052140653862
2025-07-11,4.800908376979785,3.2212896627461296,494291896.33051157,368639838.73755974,USDS,74.57938142911942
2025-07-18,4.928151237050286,3.397237005824962,756704936.8730932,599510877.4925902,USDS,79.2265053760491
2025-07-25,5.201766820777914,3.7342853760980432,706801130.1021794,567063582.1149693,USDS,80.22958056575138
2025-08-01,5.603485334173253,4.065473267231071,726700054.7861668,587533776.5620517,USDS,80.8495572131111
2025-08-08,5.723949608651808,4.148917348112143,717632145.9466759,577292982.6969578,USDS,80.44413645035544
2025-08-15,5.662726336799311,4.073726137800896,973267733.1337543,779637486.5964587,USDS,80.10514065704824
2025-08-22,5.406224391846544,3.7236062024804464,744938938.1640568,548778853.9339676,USDS,73.66762909272315
2025-08-29,5.3333009800563405,3.519358077522187,651541544.185659,477417902.5538102,USDS,73.27512831902678
2025-09-05,5.390388421261325,3.551488131746603,514472899.9820248,376421198.21716684,USDS,73.16638023699959
2025-09-12,5.389001325163903,3.549660345325876,587407763.9865003,429940261.35934633,USDS,73.192812168759
2025-09-19,5.389242981559694,3.5499786743127855,653878255.0997528,478635833.2767542,USDS,73.1995336354679
2025-09-26,5.389229306047654,3.549960658802171,390601159.00404817,285902472.1173323,USDS,73.19550019931435
2025-10-03,5.38907820448955,3.549761618878324,212348582.86256775,155418958.476769,USDS,73.19048537157242
2025-10-10,5.3891925410822035,3.549912403940276,370724159.53885436,271335802.8558063,USDS,73.19075271310138
2025-10-17,5.389009749065486,3.549671467618538,187986975.47440162,137612691.0958565,USDS,73.20331142547445
2025-10-24,5.389409919398233,3.550198607523735,173288801.99619377,126865079.6075541,USDS,73.21020062816329
2025-10-31,5.218624721486044,3.4280973286896854,405197624.9259892,295442185.2021337,USDS,72.91310882093578
2025-11-07,5.115766522716808,3.3543934886148508,350815503.2539278,254662082.739914,USDS,72.59145630048855
2025-11-14,5.047813283427126,3.3061572895790228,502261514.85896486,366199581.78741854,USDS,72.9101416201971
2025-11-21,5.14998368088579,3.3788272187060358,511331333.1954431,372787972.1362983,USDS,72.90536447407767
2025-11-28,5.150353966765111,3.379313096214777,237489828.67860395,173186148.91253102,USDS,72.92360682398092
2025-12-05,5.013550921015237,3.2816647776027605,136881401.10964367,99362992.912334,USDS,72.59057264671263
2025-12-12,4.910722464364761,3.208130680471246,109537449.68839608,79523792.96113884,USDS,72.59963892473502
2025-12-19,4.773505114923933,3.1102103236446177,129816163.52920733,93786468.98104411,USDS,72.24560211251591
2025-12-26,4.670654096206826,3.0368504242540277,122110064.0746976,88228088.43793021,USDS,72.25292125304186
2026-01-02,4.670727649698709,3.0369460734763165,190427830.14687425,137590865.37256914,USDS,72.25354889904868
2026-01-09,4.670713208789315,3.036927294539148,350654080.32320666,253357362.44503057,USDS,72.25279175747926
2026-01-16,4.670787927964521,3.037024461151172,317310132.4925984,229291495.31080773,USDS,72.26100645120627
2026-01-23,4.6706498637174105,3.0368449236262594,369221190.9999297,266752744.95338112,USDS,72.2474092646085
2026-01-30,4.670619849841962,3.0368058903292883,591667493.0919454,427473840.3610866,USDS,72.2489988637346
2026-02-06,4.6705620693896535,3.0367307543378947,273894317.24559873,197883457.36363816,USDS,72.24810625997681
2026-02-13,4.670668989238357,3.0368697917066987,288247533.45113623,208235889.06535497,USDS,72.24203675645853
2026-02-20,4.59924163813706,2.9464662832356647,309291558.14035887,211510501.08999878,USDS,68.38547497439737
2026-02-27,4.421026088364594,2.7209098138306715,276081469.8877351,188819645.13395876,USDS,68.39272668706805
2026-03-06,4.392085143559333,2.6856965697831536,100000912.69779846,66684346.169673994,USDS,66.68373754866946
2026-03-13,4.218483533432382,2.5626239207585892,95558565.00303885,64812769.10748376,USDS,67.82518040682449
